{
  "clip_mag": 10.883796691894531,
  "median": 0.8615849614143372,
  "iqr": 1.0,
  "x_mean": 0.009292899630963802,
  "x_std": 1.8915449380874634
}